keyword,volume_per_month,competitor_ranking,you_rank
hologram holographic,74000,lookingglassfactory.com,NO
holograms,74000,lookingglassfactory.com,NO
holograph,74000,lookingglassfactory.com,NO
holographic,74000,lookingglassfactory.com,NO
holographic hologram,74000,lookingglassfactory.com,NO
hologram videos,9900,lookingglassfactory.com,NO
video for hologram,9900,lookingglassfactory.com,NO
video holograms,9900,lookingglassfactory.com,NO
video of hologram,9900,lookingglassfactory.com,NO
videos for hologram,9900,lookingglassfactory.com,NO
projected hologram,8100,lookingglassfactory.com,NO
hologram projector,8100,axiomholographics.com,NO
holographic projector,8100,axiomholographics.com,NO
projection hologram,8100,axiomholographics.com,NO
holographic 3d fans,5400,hypervsn.com,NO
display to go,4400,lookingglassfactory.com,NO
what is a holographic,4400,hypervsn.com,NO
video hologram 3d,3600,lookingglassfactory.com,NO
3d holograms,2400,lookingglassfactory.com,NO
3d holographic hologram,2400,lookingglassfactory.com,NO
holo 3d,2400,lookingglassfactory.com,NO
hologram projector 3d,2400,lookingglassfactory.com,NO
holographic 3d projection,2400,lookingglassfactory.com,NO
holographic projector 3d,2400,lookingglassfactory.com,NO
projector 3d,2400,lookingglassfactory.com,NO
projector hologram 3d,2400,lookingglassfactory.com,NO
shoe hologram,2400,lookingglassfactory.com,NO
3d hologram,2400,axiomholographics.com,NO
3d hologram projector,2400,axiomholographics.com,NO
3d holographic projectors,2400,axiomholographics.com,NO
3d projection hologram,2400,axiomholographics.com,NO
3d projection projector,2400,axiomholographics.com,NO
hologram 3d,2400,axiomholographics.com,NO
holographic 3d,2400,axiomholographics.com,NO
holographic 3d projector,2400,axiomholographics.com,NO
holographic projection 3d,2400,axiomholographics.com,NO
holography 3d,2400,axiomholographics.com,NO
display shelf glass,1900,lookingglassfactory.com,NO
glass display,1900,lookingglassfactory.com,NO
glass with display,1900,lookingglassfactory.com,NO
holo display,1900,lookingglassfactory.com,NO
holo displays,1900,lookingglassfactory.com,NO
hologram display,1900,lookingglassfactory.com,NO
hologram image,1900,lookingglassfactory.com,NO
hologram images,1900,lookingglassfactory.com,NO
holograms images,1900,lookingglassfactory.com,NO
holographic display,1900,lookingglassfactory.com,NO
holographic displays,1900,lookingglassfactory.com,yes
holographic image,1900,lookingglassfactory.com,NO
holographic images,1900,lookingglassfactory.com,NO
holography image,1900,lookingglassfactory.com,NO
holography images,1900,lookingglassfactory.com,NO
image of hologram,1900,lookingglassfactory.com,NO
images of hologram,1900,lookingglassfactory.com,NO
picture of hologram,1900,lookingglassfactory.com,NO
pictures of holograms,1900,lookingglassfactory.com,NO
3d photos in glass,1600,lookingglassfactory.com,NO
glass 3d picture,1600,lookingglassfactory.com,NO
glass display boxes,1600,lookingglassfactory.com,NO
holo glasses,1600,lookingglassfactory.com,NO
hologram glass,1600,lookingglassfactory.com,NO
hologram photo card,1600,lookingglassfactory.com,NO
hologram television,1600,lookingglassfactory.com,NO
hologram televisions,1600,lookingglassfactory.com,NO
hologram tv,1600,lookingglassfactory.com,NO
holographic glasses,1600,lookingglassfactory.com,NO
holographic glassware,1600,lookingglassfactory.com,NO
holographic tvs,1600,lookingglassfactory.com,NO
tv holograms,1600,lookingglassfactory.com,NO
wall display cases,1600,lookingglassfactory.com,NO
hologram zoo,1600,axiomholographics.com,NO
holographic zoo,1600,axiomholographics.com,NO
proto hologram,1600,protohologram.com,NO
proto holograms,1600,protohologram.com,NO
interactive flat panel display,1600,touchscreen brands,NO
hologram pic,1300,lookingglassfactory.com,NO
hologram picture,1300,lookingglassfactory.com,NO
hologram screen,1300,lookingglassfactory.com,NO
hologram technology,1300,lookingglassfactory.com,NO
holograms pictures,1300,lookingglassfactory.com,NO
holographic picture,1300,lookingglassfactory.com,NO
holographic pictures,1300,lookingglassfactory.com,NO
holographic screen,1300,lookingglassfactory.com,NO
holographic technologies,1300,lookingglassfactory.com,NO
holographic technology,1300,lookingglassfactory.com,NO
picture hologram,1300,lookingglassfactory.com,NO
technology hologram,1300,lookingglassfactory.com,NO
volumetric displays,1300,lookingglassfactory.com,NO
hologram screens,1300,axiomholographics.com,NO
hologram tech,1300,axiomholographics.com,NO
hologram technologies,1300,axiomholographics.com,NO
hologram zoo lehigh valley,1300,axiomholographics.com,NO
hologramas,1300,axiomholographics.com,NO
holograms technology,1300,axiomholographics.com,NO
3d hologram fan for advertising,1300,hypervsn.com,NO
holograms phone,1300,hypervsn.com,NO
holographic phones,1300,hypervsn.com,NO
phone with hologram,1300,hypervsn.com,NO
phones with holograms,1300,hypervsn.com,NO
telephone hologram,1300,hypervsn.com,NO
volumetric display,1300,hypervsn.com,NO
hologram on phone,1300,protohologram.com,NO
interactive display,1300,touchscreen brands (win via 3D angle),NO
hologram watch,1000,lookingglassfactory.com,NO
hologram watches,1000,lookingglassfactory.com,NO
holographic aquarium,1000,lookingglassfactory.com,NO
how to make a hologram,1000,lookingglassfactory.com,NO
how to make holographic,1000,lookingglassfactory.com,NO
how to make the hologram,1000,lookingglassfactory.com,NO
3d hologram cards,1000,axiomholographics.com,NO
how do holograms work,1000,hypervsn.com,NO
how does a hologram work,1000,hypervsn.com,NO
how does hologram work,1000,hypervsn.com,NO
3d rectangle standing up,880,lookingglassfactory.com,NO
3d video with glasses,880,lookingglassfactory.com,NO
glasses lights,880,lookingglassfactory.com,NO
hologram films,880,lookingglassfactory.com,NO
hologram projection,880,lookingglassfactory.com,NO
holographic projection,880,lookingglassfactory.com,NO
holographic projections,880,lookingglassfactory.com,NO
lighting display,880,lookingglassfactory.com,NO
watch stands display,880,lookingglassfactory.com,NO
hologram film,880,hypervsn.com,NO
art hologram,720,lookingglassfactory.com,NO
box hologram,720,lookingglassfactory.com,NO
hologram art,720,lookingglassfactory.com,NO
hologram box,720,lookingglassfactory.com,NO
hologram boxes,720,lookingglassfactory.com,NO
hologram real,720,lookingglassfactory.com,NO
hologram selfie,720,lookingglassfactory.com,NO
hologram studio,720,lookingglassfactory.com,NO
holographic studio,720,lookingglassfactory.com,NO
holographic studios,720,lookingglassfactory.com,NO
optical hologram,720,lookingglassfactory.com,NO
real hologram,720,lookingglassfactory.com,NO
real life hologram,720,lookingglassfactory.com,NO
real life holograms,720,lookingglassfactory.com,NO
realistic holograms,720,lookingglassfactory.com,NO
the looking glass immersive art experience,720,lookingglassfactory.com,NO
can holograms exist,720,axiomholographics.com,NO
concert holograms,720,axiomholographics.com,NO
does hologram exist,720,axiomholographics.com,NO
does holograms exist,720,axiomholographics.com,NO
hologram at concert,720,axiomholographics.com,NO
hologram concert,720,axiomholographics.com,NO
hologram concerts,720,axiomholographics.com,NO
hologram real life,720,axiomholographics.com,NO
holograms are real,720,axiomholographics.com,NO
holograms in real life,720,axiomholographics.com,NO
holograms real,720,axiomholographics.com,NO
holographic concert,720,axiomholographics.com,NO
holographic concerts,720,axiomholographics.com,NO
holograms real life,720,protohologram.com,NO
3d display,590,lookingglassfactory.com,yes
3d display hologram,590,lookingglassfactory.com,NO
3d displays,590,lookingglassfactory.com,yes
3d hologram displays,590,lookingglassfactory.com,NO
3d holographic display,590,lookingglassfactory.com,NO
3d picture cube,590,lookingglassfactory.com,NO
glass hologram cube,590,lookingglassfactory.com,NO
hologram camera,590,lookingglassfactory.com,NO
hologram light,590,lookingglassfactory.com,NO
hologram photo booth,590,lookingglassfactory.com,NO
hologram photobooth,590,lookingglassfactory.com,NO
hologram signs,590,lookingglassfactory.com,NO
hologram table,590,lookingglassfactory.com,NO
hologram tables,590,lookingglassfactory.com,NO
holographic camera,590,lookingglassfactory.com,NO
holographic light,590,lookingglassfactory.com,NO
holographic photobooth,590,lookingglassfactory.com,NO
holographic table,590,lookingglassfactory.com,NO
holographic tables,590,lookingglassfactory.com,NO
holography camera,590,lookingglassfactory.com,NO
light field display,590,lookingglassfactory.com,NO
light field displays,590,lookingglassfactory.com,NO
lightfield displays,590,lookingglassfactory.com,NO
spin display,590,lookingglassfactory.com,NO
hologram effects,590,axiomholographics.com,NO
holographic sign,590,axiomholographics.com,NO
holographic signs,590,axiomholographics.com,NO
hologram cars,590,hypervsn.com,NO
holograms car,590,hypervsn.com,NO
holographic car,590,hypervsn.com,NO
holographic cars,590,hypervsn.com,NO
holographic photo booth,590,protohologram.com,NO
3d print hologram,480,lookingglassfactory.com,NO
3d screen,480,lookingglassfactory.com,NO
display case rotating,480,lookingglassfactory.com,NO
hologram application,480,lookingglassfactory.com,NO
hologram apps,480,lookingglassfactory.com,NO
hologram cube,480,lookingglassfactory.com,NO
hologram machine,480,lookingglassfactory.com,NO
hologram of a person,480,lookingglassfactory.com,NO
hologram person,480,lookingglassfactory.com,NO
hologram photo,480,lookingglassfactory.com,NO
holograms app,480,lookingglassfactory.com,NO
holographic app,480,lookingglassfactory.com,NO
holographic apps,480,lookingglassfactory.com,NO
holographic men,480,lookingglassfactory.com,NO
holographic mirrors,480,lookingglassfactory.com,NO
holographic photo,480,lookingglassfactory.com,NO
holographic photos,480,lookingglassfactory.com,NO
holography app,480,lookingglassfactory.com,NO
mirror hologram,480,lookingglassfactory.com,NO
mirror holographic,480,lookingglassfactory.com,NO
3d hologram printing,480,axiomholographics.com,NO
hologram toys,480,axiomholographics.com,NO
hologram airplane,480,hypervsn.com,NO
hologram toy,480,hypervsn.com,NO
hologram vs holograph,480,hypervsn.com,NO
holographic cube,480,hypervsn.com,NO
holographic plane,480,hypervsn.com,NO
holographic planes,480,hypervsn.com,NO
holographic toys,480,hypervsn.com,NO
ai hologram,480,protohologram.com,NO
gaming holograms,390,lookingglassfactory.com,NO
hologram cover,390,lookingglassfactory.com,NO
hologram for iphone,390,lookingglassfactory.com,NO
hologram gaming,390,lookingglassfactory.com,NO
hologram in museum,390,lookingglassfactory.com,NO
hologram iphone,390,lookingglassfactory.com,NO
hologram monitor,390,lookingglassfactory.com,NO
hologram on iphone,390,lookingglassfactory.com,NO
hologram picture frame,390,lookingglassfactory.com,NO
hologram tv technology,390,lookingglassfactory.com,NO
hologram with glass,390,lookingglassfactory.com,NO
hologram with iphone,390,lookingglassfactory.com,NO
holograms for iphone,390,lookingglassfactory.com,NO
holograms on iphone,390,lookingglassfactory.com,NO
holographic captions,390,lookingglassfactory.com,NO
holographic gaming,390,lookingglassfactory.com,NO
holographic iphone,390,lookingglassfactory.com,NO
holographic lasers,390,lookingglassfactory.com,NO
holographic monitor,390,lookingglassfactory.com,NO
holographic picture frame,390,lookingglassfactory.com,NO
holographic picture frames,390,lookingglassfactory.com,NO
iphone hologram,390,lookingglassfactory.com,NO
iphone holographic,390,lookingglassfactory.com,NO
chicago museum of holography,390,axiomholographics.com,NO
hologram coverage,390,axiomholographics.com,NO
hologram game,390,axiomholographics.com,NO
hologram games,390,axiomholographics.com,NO
hologram lasers,390,axiomholographics.com,NO
hologram memory,390,axiomholographics.com,NO
hologram museum,390,axiomholographics.com,NO
hologram storage,390,axiomholographics.com,NO
hologram zoo easton pa,390,axiomholographics.com,NO
holographic game,390,axiomholographics.com,NO
holographic games,390,axiomholographics.com,NO
holographic laser,390,axiomholographics.com,NO
holographic museum,390,axiomholographics.com,NO
laser hologram,390,axiomholographics.com,NO
laser holography,390,axiomholographics.com,NO
museum of holography,390,axiomholographics.com,NO
gaming hologram,390,hypervsn.com,NO
hologram data storage,390,hypervsn.com,NO
holographic data storage,390,hypervsn.com,NO
holographic memories,390,hypervsn.com,NO
holographic memory storage,390,hypervsn.com,NO
holographic storage,390,hypervsn.com,NO
lasers and holography,390,hypervsn.com,NO
lasers for holography,390,hypervsn.com,NO
3d hologram real,320,lookingglassfactory.com,NO
computer hologram,320,lookingglassfactory.com,NO
hologram 3d image,320,lookingglassfactory.com,NO
hologram ad,320,lookingglassfactory.com,NO
hologram advertising,320,lookingglassfactory.com,NO
hologram clock,320,lookingglassfactory.com,NO
hologram computer,320,lookingglassfactory.com,NO
hologram computers,320,lookingglassfactory.com,NO
hologram cup,320,lookingglassfactory.com,NO
hologram figure,320,lookingglassfactory.com,NO
hologram for sale,320,lookingglassfactory.com,NO
hologram pictures 3d,320,lookingglassfactory.com,NO
hologram sale,320,lookingglassfactory.com,NO
hologram sales,320,lookingglassfactory.com,NO
hologram top,320,lookingglassfactory.com,NO
holograms for sale,320,lookingglassfactory.com,NO
holographic 3d images,320,lookingglassfactory.com,NO
holographic computer,320,lookingglassfactory.com,NO
holographic computers,320,lookingglassfactory.com,NO
holographic cup,320,lookingglassfactory.com,NO
holographic figures,320,lookingglassfactory.com,NO
holographic figurine,320,lookingglassfactory.com,NO
image display,320,lookingglassfactory.com,NO
real 3d hologram,320,lookingglassfactory.com,NO
realistic 3d holograms,320,lookingglassfactory.com,NO
3d hologram images,320,axiomholographics.com,NO
3d holographic imaging,320,axiomholographics.com,NO
computer holograms,320,axiomholographics.com,NO
hologram 3d images,320,axiomholographics.com,NO
how is a hologram produced,320,axiomholographics.com,NO
computer holography,320,hypervsn.com,NO
hologram ads,320,hypervsn.com,NO
interactive digital signage,320,touch panels + signage SW,NO
3d hologram pictures,260,lookingglassfactory.com,NO
3d holographic pictures,260,lookingglassfactory.com,NO
california hologram,260,lookingglassfactory.com,NO
display.com,260,lookingglassfactory.com,NO
holograficos,260,lookingglassfactory.com,NO
hologram companies,260,lookingglassfactory.com,NO
hologram company,260,lookingglassfactory.com,NO
hologram device,260,lookingglassfactory.com,NO
hologram gold,260,lookingglassfactory.com,NO
hologram in the sky,260,lookingglassfactory.com,NO
hologram portrait,260,lookingglassfactory.com,NO
hologram portraits,260,lookingglassfactory.com,NO
hologram tube,260,lookingglassfactory.com,NO
holograms company,260,lookingglassfactory.com,NO
holographic companies,260,lookingglassfactory.com,NO
holographic company,260,lookingglassfactory.com,NO
holographic device,260,lookingglassfactory.com,NO
holographic devices,260,lookingglassfactory.com,NO
holographic kits,260,lookingglassfactory.com,NO
holographic portrait,260,lookingglassfactory.com,NO
holographic portraits,260,lookingglassfactory.com,NO
holographic sky,260,lookingglassfactory.com,NO
holography companies,260,lookingglassfactory.com,NO
mist hologram,260,lookingglassfactory.com,NO
sky hologram,260,lookingglassfactory.com,NO
sky holograms,260,lookingglassfactory.com,NO
spatial glass,260,lookingglassfactory.com,NO
window hologram,260,lookingglassfactory.com,NO
window holograms,260,lookingglassfactory.com,NO
axiom holographics,260,axiomholographics.com,NO
hologram logo,260,axiomholographics.com,NO
hologram logos,260,axiomholographics.com,NO
holographic communication,260,axiomholographics.com,NO
holographic communications,260,axiomholographics.com,NO
holographic logo,260,axiomholographics.com,NO
holographic tube,260,axiomholographics.com,NO
holographic video projector,260,axiomholographics.com,NO
holography company,260,axiomholographics.com,NO
holography plates,260,axiomholographics.com,NO
interactive touch screen display,260,touchscreen brands,NO
3d hologram measurement,210,axiomholographics.com,NO
3d hologram measurements,210,axiomholographics.com,NO
3d holographic projector,210,axiomholographics.com,NO
animated hologram,210,axiomholographics.com,NO
animated holograms,210,axiomholographics.com,NO
christmas hologram projectors,210,axiomholographics.com,NO
create holograms,210,axiomholographics.com,NO
custom holograms,210,axiomholographics.com,NO
design hologram,210,axiomholographics.com,NO
digital hologram,210,axiomholographics.com,NO
digital holograms,210,axiomholographics.com,NO
hologram christmas projector,210,axiomholographics.com,NO
hologram digital,210,axiomholographics.com,NO
hologram film projection,210,axiomholographics.com,NO
hologram measurement,210,axiomholographics.com,NO
hologram projector for christmas,210,axiomholographics.com,NO
hologram projector screen,210,axiomholographics.com,NO
holograms japan,210,axiomholographics.com,NO
holograms news,210,axiomholographics.com,NO
holographic christmas projector,210,axiomholographics.com,NO
holographic designs,210,axiomholographics.com,NO
holographic map,210,axiomholographics.com,NO
holographic mapping,210,axiomholographics.com,NO
how to make a hologram with a projector,210,axiomholographics.com,NO
how to make hologram projection,210,axiomholographics.com,NO
how to make hologram projector at home,210,axiomholographics.com,NO
how to make hologram with projector,210,axiomholographics.com,NO
how to make holographic projection,210,axiomholographics.com,yes
japanese holograms,210,axiomholographics.com,NO
3d slots,210,hypervsn.com,NO
3d slots machine,210,hypervsn.com,NO
hologram face,210,hypervsn.com,NO
how a hologram works,210,hypervsn.com,NO
how to make a holographic image,210,hypervsn.com,NO
slot games 3d,210,hypervsn.com,NO
slots 3d,210,hypervsn.com,NO
hologram japan,210,protohologram.com,NO
protohologram,210,protohologram.com,NO
3d hologram poster,170,axiomholographics.com,NO
avalon holographics,170,axiomholographics.com,NO
desk hologram,170,axiomholographics.com,NO
example of a hologram,170,axiomholographics.com,NO
examples of hologram,170,axiomholographics.com,NO
examples of holograms,170,axiomholographics.com,NO
hologram beam,170,axiomholographics.com,NO
hologram computer monitor,170,axiomholographics.com,NO
hologram decoration,170,axiomholographics.com,NO
hologram examples,170,axiomholographics.com,NO
hologram food,170,axiomholographics.com,NO
hologram interface,170,axiomholographics.com,NO
hologram monitor computers,170,axiomholographics.com,NO
hologram pen,170,axiomholographics.com,NO
hologram prism,170,axiomholographics.com,NO
hologram projector laser,170,axiomholographics.com,NO
hologram reflection,170,axiomholographics.com,NO
hologram shows,170,axiomholographics.com,NO
hologram usa theatre,170,axiomholographics.com,NO
hologram video games,170,axiomholographics.com,NO
hologram wall,170,axiomholographics.com,NO
hologram walls,170,axiomholographics.com,NO
hologram zoo vernon hills,170,axiomholographics.com,NO
holograms examples,170,axiomholographics.com,NO
holographic computer display,170,axiomholographics.com,NO
holographic computer interface,170,axiomholographics.com,NO
holographic crystal,170,axiomholographics.com,NO
holographic examples,170,axiomholographics.com,NO
holographic food,170,axiomholographics.com,NO
holographic interface,170,axiomholographics.com,NO
holographic interfaces,170,axiomholographics.com,NO
holographic laser projection,170,axiomholographics.com,NO
holographic laser projector,170,axiomholographics.com,NO
holographic prism,170,axiomholographics.com,NO
holographic show,170,axiomholographics.com,NO
holographic walls,170,axiomholographics.com,NO
holography examples,170,axiomholographics.com,NO
laser hologram projector,170,axiomholographics.com,NO
mini hologram projector,170,axiomholographics.com,NO
prism hologram,170,axiomholographics.com,NO
real holograms,170,axiomholographics.com,NO
reflection hologram,170,axiomholographics.com,NO
reflection holograms,170,axiomholographics.com,NO
reflective hologram,170,axiomholographics.com,NO
touch hologram,170,axiomholographics.com,NO
touchable holograms,170,axiomholographics.com,NO
3d hologram fan display,170,hypervsn.com,NO
hologram buttons,170,hypervsn.com,NO
hologram how it works,170,hypervsn.com,NO
hologram nike,170,hypervsn.com,NO
hologram people,170,hypervsn.com,NO
hologram window,170,hypervsn.com,NO
holograms of people,170,hypervsn.com,NO
how hologram work,170,hypervsn.com,NO
how hologram works,170,hypervsn.com,NO
how holograms work,170,hypervsn.com,NO
how to holograms work,170,hypervsn.com,NO
how works hologram,170,hypervsn.com,NO
voxon volumetric display,170,hypervsn.com,NO
dragon ball hologram,170,protohologram.com,NO
halo hologram,170,protohologram.com,NO
hologram egypt,170,protohologram.com,NO
hologram x,170,protohologram.com,NO
holographic x,170,protohologram.com,NO
polaroid hologram,170,protohologram.com,NO
3d hologram application,140,axiomholographics.com,NO
3d hologram projector cost,140,axiomholographics.com,NO
3d volumetric display,140,axiomholographics.com,NO
a hologram,140,axiomholographics.com,NO
computer case hologram,140,axiomholographics.com,NO
future hologram tv,140,axiomholographics.com,NO
hologram frame,140,axiomholographics.com,NO
hologram irl,140,axiomholographics.com,NO
hologram on stage,140,axiomholographics.com,NO
hologram projector real,140,axiomholographics.com,NO
hologram room,140,axiomholographics.com,NO
hologram rooms,140,axiomholographics.com,NO
hologram shop,140,axiomholographics.com,NO
hologram speaker,140,axiomholographics.com,NO
hologram stage,140,axiomholographics.com,NO
hologram tablet,140,axiomholographics.com,NO
hologram zoo niagara falls,140,axiomholographics.com,NO
holograms irl,140,axiomholographics.com,NO
holograms on stage,140,axiomholographics.com,NO
holographic frame,140,axiomholographics.com,NO
holographic frames,140,axiomholographics.com,NO
holographic led displays,140,axiomholographics.com,NO
holographic room,140,axiomholographics.com,NO
holographic shop,140,axiomholographics.com,NO
holographic stage,140,axiomholographics.com,NO
holographic surface,140,axiomholographics.com,NO
holographic tablet,140,axiomholographics.com,NO
i3dg hologram,140,axiomholographics.com,yes
interactive hologram,140,axiomholographics.com,NO
mit holograms,140,axiomholographics.com,NO
professional hologram projector,140,axiomholographics.com,NO
real hologram projector,140,axiomholographics.com,NO
real holographic projector,140,axiomholographics.com,NO
realistic hologram projector,140,axiomholographics.com,NO
realistic holographic projector,140,axiomholographics.com,NO
stage hologram,140,axiomholographics.com,NO
stage holograms,140,axiomholographics.com,NO
3d advertising hologram,140,hypervsn.com,NO
car hologram,140,hypervsn.com,NO
car holograms,140,hypervsn.com,NO
computer generated hologram,140,hypervsn.com,NO
computer generated holograms,140,hypervsn.com,NO
computer generated holography,140,hypervsn.com,NO
computer-generated hologram,140,hypervsn.com,NO
computer-generated holograms,140,hypervsn.com,NO
computer-generated holography,140,hypervsn.com,NO
hologram cell phone,140,hypervsn.com,NO
hologram character,140,hypervsn.com,NO
hologram for car,140,hypervsn.com,NO
hologram for pc,140,hypervsn.com,NO
hologram gift,140,hypervsn.com,NO
hologram gifts,140,hypervsn.com,NO
hologram health,140,hypervsn.com,NO
hologram in car,140,hypervsn.com,NO
hologram in cars,140,hypervsn.com,NO
hologram in pc,140,hypervsn.com,NO
hologram led display,140,hypervsn.com,NO
hologram screen phone,140,hypervsn.com,NO
hologram tv 2020,140,hypervsn.com,NO
hologram visor,140,hypervsn.com,NO
holograms cell phones,140,hypervsn.com,NO
holographic cell phone,140,hypervsn.com,NO
holographic characters,140,hypervsn.com,NO
holographic gifts,140,hypervsn.com,NO
holographic health,140,hypervsn.com,NO
holographic mobile,140,hypervsn.com,NO
holographic mobile phone,140,hypervsn.com,NO
holographic mobile phones,140,hypervsn.com,NO
holographic phone samsung,140,hypervsn.com,NO
holographic tv 2020,140,hypervsn.com,NO
holographic virtual reality glasses,140,hypervsn.com,NO
how to make a hologram of a person,140,hypervsn.com,NO
how to make a hologram with phone,140,hypervsn.com,NO
how to make hologram for phone,140,hypervsn.com,NO
how to make hologram with phone,140,hypervsn.com,NO
pc hologram,140,hypervsn.com,NO
hologram inc,140,protohologram.com,NO
hologram io,140,protohologram.com,NO
hologram iot,140,protohologram.com,NO
hologram video call,140,protohologram.com,NO
hologram video calling,140,protohologram.com,NO
holographic video call,140,protohologram.com,NO
leia hologram company,140,protohologram.com,NO
pc case hologram,140,protohologram.com,NO
proto hologram inc,140,protohologram.com,NO
siri hologram,140,protohologram.com,NO
video call hologram,140,protohologram.com,NO
interactive retail display,140,open lane (KD 0),NO
3d hologram laser,110,axiomholographics.com,NO
3d laser hologram,110,axiomholographics.com,NO
3d laser holograms,110,axiomholographics.com,NO
best hologram projector,110,axiomholographics.com,NO
best holographic projector,110,axiomholographics.com,NO
best projector for hologram,110,axiomholographics.com,NO
3d hologram fan advertising,110,hypervsn.com,NO
3d holographic glasses,110,hypervsn.com,NO
3d holographic phone,110,hypervsn.com,NO
buy hologram,110,hypervsn.com,NO
buy holograms,110,hypervsn.com,NO
cost of a hologram,110,hypervsn.com,NO
cost of hologram,110,hypervsn.com,NO
cost of hologram projector,110,hypervsn.com,NO
cost of holograms,110,hypervsn.com,NO
desktop hologram,110,hypervsn.com,NO
futuristic hologram,110,hypervsn.com,yes
hologram 3d glasses,110,hypervsn.com,NO
hologram accessories,110,hypervsn.com,NO
hologram billboard,110,hypervsn.com,NO
hologram buy,110,hypervsn.com,NO
hologram cost,110,hypervsn.com,NO
hologram display technology,110,hypervsn.com,yes
hologram emitter,110,hypervsn.com,NO
hologram lens,110,hypervsn.com,NO
hologram lenses,110,hypervsn.com,NO
hologram projection technology,110,hypervsn.com,NO
hologram projector cost,110,hypervsn.com,NO
hologram stage projector,110,hypervsn.com,NO
hologram stage projectors,110,hypervsn.com,NO
hologram suit,110,hypervsn.com,NO
hologram call,110,protohologram.com,NO
hologram calling,110,protohologram.com,NO
hologram calls,110,protohologram.com,NO
hologram door,110,protohologram.com,NO
hologram transmission,110,protohologram.com,NO
hologram ui,110,protohologram.com,NO
holograms buy,110,protohologram.com,NO
holograms for events,110,protohologram.com,NO
holographic calls,110,protohologram.com,NO
holographic desktop,110,protohologram.com,NO
holographic machine,110,protohologram.com,NO
holographic machines,110,protohologram.com,NO
holographic ui,110,protohologram.com,NO
human hologram,110,protohologram.com,NO
i live in a hologram with you,110,protohologram.com,NO
pacific light and hologram,110,protohologram.com,NO
proto hologram price,110,protohologram.com,NO
proto.hologram price,110,protohologram.com,NO
pseudo hologram,110,protohologram.com,NO
real hologram technology,110,protohologram.com,NO
transmission hologram,110,protohologram.com,NO
transmission holograms,110,protohologram.com,NO
interactive led display,110,LED / signage,NO
2d hologram,90,protohologram.com,NO
2d holograms,90,protohologram.com,NO
3d holographic signage,90,protohologram.com,NO
hologram assistant,90,protohologram.com,NO
hologram dream,90,protohologram.com,NO
hologram floor,90,protohologram.com,NO
hologram human,90,protohologram.com,NO
hologram media network,90,protohologram.com,NO
hologram new technology,90,protohologram.com,NO
hologram panel,90,protohologram.com,NO
hologram projector technology,90,protohologram.com,NO
hologram raspberry pi,90,protohologram.com,NO
hologram telepresence,90,protohologram.com,NO
holographic humans,90,protohologram.com,NO
holographic product,90,protohologram.com,NO
holographic telepresence,90,protohologram.com,NO
how much are holograms,90,protohologram.com,NO
how much do holograms cost,90,protohologram.com,NO
how much does hologram cost,90,protohologram.com,NO
how much for a hologram,90,protohologram.com,NO
howie mandel hologram,90,protohologram.com,NO
moving hologram,90,protohologram.com,NO
new hologram technology,90,protohologram.com,NO
new technology hologram,90,protohologram.com,NO
photopolymer hologram,90,protohologram.com,NO
portable holographic display,90,protohologram.com,NO
raspberry pi hologram,90,protohologram.com,NO
real human hologram,90,protohologram.com,NO
telepresence hologram,90,protohologram.com,NO
3d hologram screen,70,protohologram.com,NO
3d hologram tv,70,protohologram.com,NO
3d holographic tv,70,protohologram.com,NO
action figure hologram,70,protohologram.com,NO
ai hologram projector,70,protohologram.com,NO
ar hologram,70,protohologram.com,NO
avatar hologram,70,protohologram.com,NO
cartoon hologram,70,protohologram.com,NO
google hologram,70,protohologram.com,NO
google holographic,70,protohologram.com,NO
hologram action figures,70,protohologram.com,NO
hologram ar,70,protohologram.com,NO
hologram avatar,70,protohologram.com,NO
hologram board,70,protohologram.com,NO
hologram booth,70,protohologram.com,NO
hologram box display,70,protohologram.com,NO
hologram chat,70,protohologram.com,NO
hologram dimensions,70,protohologram.com,NO
hologram helmet,70,protohologram.com,NO
hologram interactive display,70,protohologram.com,NO
hologram items,70,protohologram.com,NO
hologram lab,70,protohologram.com,NO
hologram labs,70,protohologram.com,NO
hologram messages,70,protohologram.com,NO
hologram near me,70,protohologram.com,NO
hologram product,70,protohologram.com,NO
hologram products,70,protohologram.com,NO
hologram project,70,protohologram.com,NO
hologram scanner,70,protohologram.com,NO
hologram store,70,protohologram.com,NO
hologram touch screen,70,protohologram.com,NO
hologram vr,70,protohologram.com,NO
hologram website,70,protohologram.com,NO
hologram websites,70,protohologram.com,NO
holographic 3d tv,70,protohologram.com,NO
holographic avatars,70,protohologram.com,NO
holographic chat,70,protohologram.com,NO
holographic display system,70,protohologram.com,NO
holographic products,70,protohologram.com,NO
holographic store,70,protohologram.com,yes
holographic touch screen,70,protohologram.com,NO
holographic touchscreen,70,protohologram.com,NO
holographic viewer,70,protohologram.com,NO
holographic website,70,protohologram.com,NO
holographic websites,70,protohologram.com,NO
how to make your phone a hologram,70,protohologram.com,NO
human hologram projector,70,protohologram.com,NO
interactive hologram display,70,protohologram.com,NO
interactive holograms,70,protohologram.com,NO
life hologram,70,protohologram.com,NO
life size hologram,70,protohologram.com,NO
life-size hologram,70,protohologram.com,NO
mini hologram,70,protohologram.com,NO
personal hologram,70,protohologram.com,NO
pro stage equipment hologram,70,protohologram.com,NO
product hologram,70,protohologram.com,NO
proto hologram stock,70,protohologram.com,NO
transparent hologram,70,protohologram.com,NO
what hologram,70,protohologram.com,NO
what is hologram technology,70,protohologram.com,yes
interactive video wall,70,open lane (KD 6),NO
3d photo hologram,50,protohologram.com,NO
body hologram,50,protohologram.com,NO
creating a hologram with projector,50,protohologram.com,NO
dr hologram,50,protohologram.com,NO
facetime hologram,50,protohologram.com,NO
first hologram,50,protohologram.com,yes
hand hologram,50,protohologram.com,NO
handheld hologram,50,protohologram.com,NO
handheld holographic,50,protohologram.com,NO
hologram brand,50,protohologram.com,NO
hologram case,50,protohologram.com,NO
hologram cases,50,protohologram.com,NO
hologram creators,50,protohologram.com,NO
hologram facetime,50,protohologram.com,NO
hologram hand,50,protohologram.com,NO
hologram head,50,protohologram.com,NO
hologram image generator,50,protohologram.com,NO
hologram platform,50,protohologram.com,NO
hologram portable,50,protohologram.com,NO
hologram presentation,50,protohologram.com,NO
hologram robot,50,protohologram.com,NO
hologram simulator,50,protohologram.com,NO
hologram software,50,protohologram.com,NO
hologram statue,50,protohologram.com,NO
hologram that you can touch,50,protohologram.com,NO
interactive 3d display,20,HYPERVSN / Looking Glass,NO
